co-authored-by: chatgpt,https://github.com/BFVOICE/BFVOICE/commit/5cabcef7045c67698971967aa0767ea5e80a3d62
co-authored-by: chatgpt,https://github.com/Only-Smiles/DevOps-2025/commit/763cf6ba02bc58951479e16a732c8f37d1205ea7
co-authored-by: chatgpt,https://github.com/Only-Smiles/DevOps-2025/commit/42c3576133c2b5f2ad673f236cc1f0bf34ae173b
co-authored-by: chatgpt,https://github.com/Only-Smiles/DevOps-2025/commit/f61a372ca0eaf9a6315d42675c85e5b9ae037039
co-authored-by: chatgpt,https://github.com/Only-Smiles/DevOps-2025/commit/9d2367eb0f30bced2ed4c32a311025a8929e8c40
co-authored-by: chatgpt,https://github.com/DuwuOps/minitwit/commit/63009debb076136662a4d7c86d7bfc07aed02b97
co-authored-by: chatgpt,https://github.com/DevOps-Sad-people/itu-minitwit/commit/8634bf8a7c553a401ea8af0b1c825fd7d46a11da
co-authored-by: chatgpt,https://github.com/Niceness-2-0/itu-minitwit/commit/6918c0071c9f99e689b3e5e0b952699982ba49f1
co-authored-by: chatgpt,https://github.com/Only-Smiles/DevOps-2025/commit/8f44eb1601a019feed159a3c91763c6ee322032b
co-authored-by: chatgpt,https://github.com/DuwuOps/minitwit/commit/3ef949a58801bebbe30b9ad03b0edbcf3ec80bf9
co-authored-by: chatgpt,https://github.com/ITU-DevOps2025-GROUP-A/itu-minitwit/commit/a7b89434f7fd1974d04ca23dd5ecbefaf0321364
co-authored-by: chatgpt,https://github.com/DuwuOps/minitwit/commit/b5c8d737a0d8a4c559be62f041187cc72ef03785
co-authored-by: chatgpt,https://github.com/DuwuOps/minitwit/commit/da6b71562a7b5f36480f5f3f3cbde8233a28a485
co-authored-by: chatgpt,https://github.com/ITU-BDSA2024-GROUP31/Chirp/commit/364c9c57bcda48f0a35b0d86a6abfeefb7600959
co-authored-by: chatgpt,https://github.com/ITU-BDSA2024-GROUP4/Chirp/commit/86e9489492224ab368fbccd5c7983e51267707d0
co-authored-by: chatgpt,https://github.com/Only-Smiles/DevOps-2025/commit/817cc4c8fb5310d49cf7e4d3c5e235e6ae2754e7
co-authored-by: chatgpt,https://github.com/DuwuOps/minitwit/commit/9fc8cfe08ccde7c8710abc3a92bd827e14dd97dc
co-authored-by: chatgpt,https://github.com/ITU-BDSA2024-GROUP7/Chirp/commit/c2d4a61bfa6ab5234ae49413b773002134c78644
co-authored-by: chatgpt,https://github.com/ITU-BDSA2024-GROUP13/Chirp/commit/a7d6fc8d8fef1002bb456ec6a82a30cbe6dbe406
co-authored-by: chatgpt,https://github.com/DuwuOps/minitwit/commit/62378047a999a708a483485e002a710074df47d7
co-authored-by: chatgpt,https://github.com/ITU-BDSA2024-GROUP24/Chirp/commit/d46a83dd85766ea7f04ec63e4b187fb4cff3a310
co-authored-by: chatgpt,https://github.com/devops-q/devops/commit/301b82a2555a0a71ad21a3ffc5a32ca0e877fde5
co-authored-by: chatgpt,https://github.com/RasmusAChr/Chirp/commit/c2d4a61bfa6ab5234ae49413b773002134c78644
co-authored-by: chatgpt,https://github.com/ITU-BDSA2024-GROUP4/Chirp/commit/f135b1e3ed6734a0d4c3691e7b71e4fd6ec556c5
co-authored-by: chatgpt,https://github.com/DuwuOps/minitwit/commit/14c85c1f25045f3862fd52528919977dfac25676
co-authored-by: chatgpt,https://github.com/ITU-DevOps2025-GROUP-A/itu-minitwit/commit/a463e5f4dc33de5a44ed87d3cda1cd13bb4c8373
co-authored-by: chatgpt,https://github.com/Docker-Daze/itu-minitwit/commit/b81119218d42a640717fe8243afe278c8ec0f4d5
co-authored-by: chatgpt,https://github.com/ITU-BDSA2024-GROUP4/Chirp/commit/464d1684162851eae404f00611bb94ff3fc17735
co-authored-by: chatgpt,https://github.com/ITU-BDSA2024-GROUP13/Chirp/commit/f381bba8b75718a9dbd8e377728bf78603955aaf
co-authored-by: chatgpt,https://github.com/ITU-BDSA2024-GROUP13/Chirp/commit/3106f73a148584d868f83ab453d92256746d72d1
co-authored-by: chatgpt,https://github.com/ITU-BDSA2024-GROUP4/Chirp/commit/fe9c03e6b53b1f3eeba67485d1e34c0b05ac17f6
co-authored-by: chatgpt,https://github.com/ITU-DevOps2025-GROUP-A/itu-minitwit/commit/3fb8183a3bcbd1238a4a4d5f653b8ad80c852869
co-authored-by: chatgpt,https://github.com/ITU-BDSA2024-GROUP13/Chirp/commit/f9de37af2111cbee6d03e2d3e36d0233b275ee06
co-authored-by: chatgpt,https://github.com/ITU-BDSA2024-GROUP4/Chirp/commit/485f9d090a9fcee155c3cdaf7e5da4b23f9d45c4
co-authored-by: chatgpt,https://github.com/ITU-BDSA2024-GROUP16/Chirp/commit/b9160a69d58ef21f72972bde374ccb5c73cb91dd
co-authored-by: chatgpt,https://github.com/ITU-BDSA2024-GROUP4/Chirp/commit/33801159ceee7484cf798a2fc604dc0aeb08f319
co-authored-by: chatgpt,https://github.com/ITU-BDSA2024-GROUP8/Chirp/commit/0e0b3c27636e3d8463a492e697560c32cc4a4d67
co-authored-by: chatgpt,https://github.com/ITU-BDSA2024-GROUP15/Chirp/commit/b14a8b19491b23fd0e971dd89b4ec436c18c10b2
co-authored-by: chatgpt,https://github.com/ITU-BDSA2024-GROUP15/Chirp/commit/bb7a17614075ca6822c4f09144ecf6f8f75102e3
co-authored-by: chatgpt,https://github.com/ITU-BDSA2024-GROUP16/Chirp/commit/2ab090fc7c20e5264d4b984e19941ebd6d98b92d
co-authored-by: chatgpt,https://github.com/DuwuOps/minitwit/commit/0c1ccd9804f58e3c9e024d23af225c723c591160
co-authored-by: chatgpt,https://github.com/ITU-BDSA2024-GROUP4/Chirp/commit/bf1d2497d8d9953199772e1775a672ab875e0eda
co-authored-by: chatgpt,https://github.com/ITU-BDSA2024-GROUP30/Chirp/commit/39e6698d53954bb1b17056e35afebf1a684d90f8
co-authored-by: chatgpt,https://github.com/ITU-BDSA2024-GROUP30/Chirp/commit/08c0cf1d871b531665a1324b07ae6c3b9ebe207b
co-authored-by: chatgpt,https://github.com/ITU-BDSA2024-GROUP4/Chirp/commit/f42124a692014d44bd8981f173f66bfca2de27e4
co-authored-by: chatgpt,https://github.com/ITU-BDSA2024-GROUP4/Chirp/commit/308840ec2d9070896ffb860b1b1ac74d0a830165
co-authored-by: chatgpt,https://github.com/Only-Smiles/DevOps-2025/commit/db8527f11dbd185d2b9e423a853a3bd83038b0ab
co-authored-by: chatgpt,https://github.com/ITU-BDSA2024-GROUP16/Chirp/commit/625e2915ffa3aa16e5a47be620568cb59a2def9b
co-authored-by: chatgpt,https://github.com/ITU-BDSA2024-GROUP4/Chirp/commit/83a4a15f7449b4b2faab2e53b29e890d191d0a85
co-authored-by: chatgpt,https://github.com/ITU-BDSA2024-GROUP4/Chirp/commit/91fa5a71699fe743435fb9a7e6c9f51b8df3a397
co-authored-by: chatgpt,https://github.com/Niceness-2-0/itu-minitwit/commit/58120eb8944e2f8138e18b319cf73b999a15f8a1
co-authored-by: chatgpt,https://github.com/ITU-BDSA2024-GROUP26/Chirp/commit/7209da3de15e266aab93a8d74dc3b5caa1760eb8
co-authored-by: chatgpt,https://github.com/ITU-BDSA2024-GROUP4/Chirp/commit/cb8f311a170b3286a3ffd282b63097e3d128239e
co-authored-by: chatgpt,https://github.com/ITU-BDSA2024-GROUP5/Chirp/commit/f3588323668fef37276b6990d4325b037becc09b
co-authored-by: chatgpt,https://github.com/ITU-BDSA2024-GROUP4/Chirp/commit/4a626bff78d5092a4d2947453cc655627c6b89f4
co-authored-by: chatgpt,https://github.com/ITU-BDSA2024-GROUP4/Chirp/commit/40c67390f571627453150c61a0a27b15b1daf92d
co-authored-by: chatgpt,https://github.com/ITU-BDSA2024-GROUP16/Chirp/commit/1f1e604df2732506a4ab150c3b8e08ffdadac995
co-authored-by: chatgpt,https://github.com/RasmusAChr/Chirp/commit/1cd91ffa86621512fc684d7e880d5fc980658069
co-authored-by: chatgpt,https://github.com/ITU-BDSA2024-GROUP7/Chirp/commit/1cd91ffa86621512fc684d7e880d5fc980658069
co-authored-by: chatgpt,https://github.com/ITU-BDSA2024-GROUP8/Chirp/commit/12441d323c29626f70f70995d521d2a01ec3861d
co-authored-by: chatgpt,https://github.com/ITU-BDSA2024-GROUP8/Chirp/commit/ec780c15cbe6048ff7f625df775bc091cd7e2edb
co-authored-by: chatgpt,https://github.com/ITU-BDSA2024-GROUP13/Chirp/commit/7b04cc1f8e80e5fd8a8a04c74b8bdce761ade237
co-authored-by: chatgpt,https://github.com/ITU-BDSA2024-GROUP24/Chirp/commit/1cc024a09f56b57c5d593e07784e32036301dd56
co-authored-by: chatgpt,https://github.com/ITU-BDSA2024-GROUP24/Chirp/commit/60d49bdbb037884b0fb519b863f4b6cb35eea3c4
co-authored-by: chatgpt,https://github.com/ITU-BDSA2024-GROUP15/Chirp/commit/b2076725d7f74fa0b833784c3ec74aed8a83dd5e
co-authored-by: chatgpt,https://github.com/Only-Smiles/DevOps-2025/commit/9fc57b6ca378d13e6fa33d4ba9832ac2ef60b1ef
co-authored-by: chatgpt,https://github.com/ITU-BDSA2024-GROUP22/Chirp/commit/60f262924bcdc299dfe196af0bbdaa52ce71fd21
co-authored-by: chatgpt,https://github.com/ITU-BDSA2024-GROUP15/Chirp/commit/c9e4f4639c9a8c1a6264c0f00fee07255f2b1c1a
co-authored-by: chatgpt,https://github.com/ITU-BDSA2024-GROUP4/Chirp/commit/24831043828956ce649ac40feac70fececd48b21
co-authored-by: chatgpt,https://github.com/ITU-BDSA2024-GROUP4/Chirp/commit/aa8d538dd8561f69a8efd6c70da68a4b16a9302f
co-authored-by: chatgpt,https://github.com/ITU-BDSA2024-GROUP26/Chirp/commit/4257edc47aacbb6aa43c4d570c94d7312ca86e4f
co-authored-by: chatgpt,https://github.com/ITU-BDSA2024-GROUP26/Chirp/commit/b3ee8a67361789d05bcf2fd71cb00d4dbd37040d
co-authored-by: chatgpt,https://github.com/ITU-BDSA2024-GROUP30/Chirp/commit/b234048929c811c6d8a5f36fce99e6272ae38be3
co-authored-by: chatgpt,https://github.com/ITU-BDSA2024-GROUP26/Chirp/commit/aa73519486dfddd293662278aef0044d2c15dbc5
co-authored-by: chatgpt,https://github.com/ITU-BDSA2024-GROUP26/Chirp/commit/8e84a5cd4947441ac60bd07d581d85ee63524870
co-authored-by: chatgpt,https://github.com/ITU-BDSA2024-GROUP5/Chirp/commit/c59c1822ebb8c3eef8eea1c7666d4cb4a7bbe1b8
co-authored-by: chatgpt,https://github.com/ITU-BDSA2024-GROUP7/Chirp/commit/28aab944984ae6dace40c61a9bef5f841776e776
co-authored-by: chatgpt,https://github.com/RasmusAChr/Chirp/commit/28aab944984ae6dace40c61a9bef5f841776e776
co-authored-by: chatgpt,https://github.com/ITU-BDSA2024-GROUP1/Chirp/commit/f46414a2cf2310f68f1764241d29c0d895f72260
co-authored-by: chatgpt,https://github.com/ITU-BDSA2024-GROUP4/Chirp/commit/0aa0ddd6db1997f29a997b3a5b9e5ac20198f071
co-authored-by: chatgpt,https://github.com/ITU-BDSA2024-GROUP1/Chirp/commit/e257bbce2cfc9aecd44ff968ce4ba40f285db4b0
co-authored-by: chatgpt,https://github.com/ITU-BDSA2024-GROUP26/Chirp/commit/87956ca6553dc4a695f5b490c96dcfd779aabcad
co-authored-by: chatgpt,https://github.com/ITU-BDSA2024-GROUP1/Chirp/commit/1533f23ab1fdeb7aaa5afcf1e784cabdfd031f54
co-authored-by: chatgpt,https://github.com/ITU-BDSA2024-GROUP24/Chirp/commit/eb0237709e90baf925d66e58c4a19b7f3d4c5c84
co-authored-by: chatgpt,https://github.com/ITU-BDSA2024-GROUP4/Chirp/commit/4664fa7270f12db725a2a615d9e8e2ad3844b1ee
co-authored-by: chatgpt,https://github.com/ITU-BDSA2024-GROUP1/Chirp/commit/f3a333df53c6312bb613c65ef8124334936c74c1
co-authored-by: chatgpt,https://github.com/ITU-BDSA2024-GROUP4/Chirp/commit/514f5d316df801ea3e04810653c433ed50f65d69
co-authored-by: chatgpt,https://github.com/ITU-DevOps2025-GROUP-A/itu-minitwit/commit/b50359b49f1e204b54944bdbc970619c39c67762
co-authored-by: chatgpt,https://github.com/ITU-BDSA2024-GROUP4/Chirp/commit/4b3fc98e64cf651007ccba9dc30ae27813f1fd93
co-authored-by: chatgpt,https://github.com/ITU-BDSA2024-GROUP1/Chirp/commit/f08c4ed36797d67756c78e64262ec14103df726c
co-authored-by: chatgpt,https://github.com/ITU-BDSA2024-GROUP4/Chirp/commit/9eb8444126794cb5bcbf62f1e6aee54b883de2fd
co-authored-by: chatgpt,https://github.com/ITU-BDSA2024-GROUP16/Chirp/commit/5e173b924bc4013ef8af7fab9fdbb7862608154e
co-authored-by: chatgpt,https://github.com/ITU-BDSA2024-GROUP16/Chirp/commit/6f66057057ccd55546b601ef9235bab29aebd007
co-authored-by: chatgpt,https://github.com/ITU-BDSA2024-GROUP10/Chirp/commit/1145016af436242fe583415dcc4e92d675acee59
co-authored-by: chatgpt,https://github.com/ITU-BDSA2024-GROUP16/Chirp/commit/b6cf51365e1533024b183a1b01d6e6702d5e1ee4
co-authored-by: chatgpt,https://github.com/ITU-BDSA2024-GROUP13/Chirp/commit/1b9d49690861a085479bfde3247ef65d1743da42
co-authored-by: chatgpt,https://github.com/IBM-Sustainable-Logistics/Frontend-IBM-SL/commit/ed228c29c0746b73566b90f5f6205ce7753f22f2
co-authored-by: chatgpt,https://github.com/ITU-BDSA2024-GROUP7/Chirp/commit/c4e981d42fc464fc05b90ffdd6bd1a02bf025961
co-authored-by: chatgpt,https://github.com/RasmusAChr/Chirp/commit/c4e981d42fc464fc05b90ffdd6bd1a02bf025961
co-authored-by: chatgpt,https://github.com/ITU-BDSA2024-GROUP22/Chirp/commit/bb65a479d3684d1519cf45c5a9b73e6aa799a661
co-authored-by: chatgpt,https://github.com/ITU-BDSA2024-GROUP16/Chirp/commit/03e3d1d33e3bce3c175b45b684b3f9a16df1f6e6
co-authored-by: chatgpt,https://github.com/ITU-BDSA2024-GROUP15/Chirp/commit/bcbbd2a64174c42e8de47089549401e830b1a136
co-authored-by: chatgpt,https://github.com/ITU-BDSA2024-GROUP16/Chirp/commit/05d156e0dbd769f0282c50dacded7f8303aa57f3
co-authored-by: chatgpt,https://github.com/LocktheBow/ProjectChronos1/commit/c775d8413cbdfd266e5ce50c0f5bce41847684b3
co-authored-by: chatgpt,https://github.com/minitwit-JOEL/minitwit-DEVOPS/commit/4379e93709e9c95c7ed20e0342e01a4d3fa1bd48
co-authored-by: chatgpt,https://github.com/Benjamin-Dally/chatbot-ui/commit/9b2eae308c58b2b0f341a3db926548136a13bac7
co-authored-by: chatgpt,https://github.com/ishtihoss/chatbot_ui/commit/063001c899dc42559bceb48dd52bf79546da50ae
co-authored-by: chatgpt,https://github.com/ITU-BDSA2024-GROUP16/Chirp/commit/9fb8996bde01194076a6fdb54302aade28599c29
co-authored-by: chatgpt,https://github.com/ITU-DevOps2025-GROUP-A/itu-minitwit/commit/f06a440dd2c1012e6a0573c0213223b374425ed6
co-authored-by: chatgpt,https://github.com/lvmdr97/chatbot-ui/commit/063001c899dc42559bceb48dd52bf79546da50ae
co-authored-by: chatgpt,https://github.com/OceanDev89/AI-Chatbot-Webapp/commit/c0b8b7138d1e1484469f1e244ec81ed67517778d
co-authored-by: chatgpt,https://github.com/maxwellpothier/chatbot-ui-llama-only/commit/063001c899dc42559bceb48dd52bf79546da50ae
co-authored-by: chatgpt,https://github.com/mhamzasani/askmymac-chatbot-ui/commit/063001c899dc42559bceb48dd52bf79546da50ae
co-authored-by: chatgpt,https://github.com/ScrogBot/chat-ui/commit/063001c899dc42559bceb48dd52bf79546da50ae
co-authored-by: chatgpt,https://github.com/Srinidhi1368/Chat-bot/commit/063001c899dc42559bceb48dd52bf79546da50ae
co-authored-by: chatgpt,https://github.com/cccc0322/ai/commit/063001c899dc42559bceb48dd52bf79546da50ae
co-authored-by: chatgpt,https://github.com/konstantintuev/thesis-ui/commit/063001c899dc42559bceb48dd52bf79546da50ae
co-authored-by: chatgpt,https://github.com/Alirezakhan7/edited-porsino-chat/commit/063001c899dc42559bceb48dd52bf79546da50ae
co-authored-by: chatgpt,https://github.com/richardwhite1028/typescript-chatbot/commit/9083db6007f3a316bb5bacddf4c0355d6f8cb0ed
co-authored-by: chatgpt,https://github.com/zaczilla/cmdchat-ui/commit/063001c899dc42559bceb48dd52bf79546da50ae
co-authored-by: chatgpt,https://github.com/ITU-BDSA2024-GROUP16/Chirp/commit/4b152014b89f783a48a02d5fc4fd73d3f95001b5
co-authored-by: chatgpt,https://github.com/mohityadaviitb/chatbot/commit/063001c899dc42559bceb48dd52bf79546da50ae
co-authored-by: chatgpt,https://github.com/Cooldev0824/chatbot-ui/commit/26bf7cd99d38e609bc3458f5b3b013da831d4a54
co-authored-by: chatgpt,https://github.com/RedApple990129/chatbot-ui/commit/91844f1f0244e9398cd72a5e58ca6d8c7942af7a
co-authored-by: chatgpt,https://github.com/Sebastian-Ordonez1105/chatbot/commit/5513f86720a81f2aed09589ed0bf2dd7e67d1372
co-authored-by: chatgpt,https://github.com/Raghav-V-2004/PE_Assessment/commit/063001c899dc42559bceb48dd52bf79546da50ae
co-authored-by: chatgpt,https://github.com/Metatransformer/metatransformer/commit/063001c899dc42559bceb48dd52bf79546da50ae
co-authored-by: chatgpt,https://github.com/kronjuvel1/thesis-webby-chatbot/commit/063001c899dc42559bceb48dd52bf79546da50ae
co-authored-by: chatgpt,https://github.com/DrZeepeads/Nelbot/commit/063001c899dc42559bceb48dd52bf79546da50ae
co-authored-by: chatgpt,https://github.com/JPDucky/chatbot-ui-v2/commit/063001c899dc42559bceb48dd52bf79546da50ae
co-authored-by: chatgpt,https://github.com/nirbenda/chatbot-ui-af/commit/063001c899dc42559bceb48dd52bf79546da50ae
co-authored-by: chatgpt,https://github.com/kimshinhyuk1/chat2/commit/063001c899dc42559bceb48dd52bf79546da50ae
co-authored-by: chatgpt,https://github.com/AffanSurya/chatbot-ui-lfa/commit/063001c899dc42559bceb48dd52bf79546da50ae
co-authored-by: chatgpt,https://github.com/shinjadong/shinjadongai/commit/063001c899dc42559bceb48dd52bf79546da50ae
co-authored-by: chatgpt,https://github.com/ITU-BDSA2024-GROUP3/Chirp/commit/17d0867126cab4ea04c19aee1cd5868429af6413
co-authored-by: chatgpt,https://github.com/ITU-BDSA2024-GROUP16/Chirp/commit/e6f4c0f975ad53f83ffabfc2cc95d9d4ed5d56d6
co-authored-by: chatgpt,https://github.com/Rarewolf626/chatbot-ui/commit/915d8100b40b822a261073908d2ae2dd3f6577ab
co-authored-by: chatgpt,https://github.com/ITU-BDSA2024-GROUP16/Chirp/commit/65217ec7d53f5e054c9be452b3f41b426d9c1514
co-authored-by: chatgpt,https://github.com/emilalvaroaitekph2024/aiconChat/commit/063001c899dc42559bceb48dd52bf79546da50ae
co-authored-by: chatgpt,https://github.com/EliteDev9472/Chatbot/commit/6571b754a8873c29322ef794bc53784dcd18a388
co-authored-by: chatgpt,https://github.com/aipioneer777/chatbot-ui/commit/624d487df2b2eb3bdd13cffeda2ee44b75c4a435
co-authored-by: chatgpt,https://github.com/neshkito/chatbot-ui-clean/commit/063001c899dc42559bceb48dd52bf79546da50ae
co-authored-by: chatgpt,https://github.com/matheusmendez-ask/bcmed-chat/commit/063001c899dc42559bceb48dd52bf79546da50ae
co-authored-by: chatgpt,https://github.com/zuochan/talkiary-app/commit/063001c899dc42559bceb48dd52bf79546da50ae
co-authored-by: chatgpt,https://github.com/d-a-v-A-i-d/soph-ai/commit/063001c899dc42559bceb48dd52bf79546da50ae
co-authored-by: chatgpt,https://github.com/saleskit24/chattapphypermodel55/commit/063001c899dc42559bceb48dd52bf79546da50ae
co-authored-by: chatgpt,https://github.com/Ray777-AI/chatbot-ui/commit/624d487df2b2eb3bdd13cffeda2ee44b75c4a435
co-authored-by: chatgpt,https://github.com/argahv/chatbot-ui/commit/063001c899dc42559bceb48dd52bf79546da50ae
co-authored-by: chatgpt,https://github.com/Gerosullivan/Learntime/commit/063001c899dc42559bceb48dd52bf79546da50ae
co-authored-by: chatgpt,https://github.com/cmdchat/cmdchat-ui/commit/063001c899dc42559bceb48dd52bf79546da50ae
co-authored-by: chatgpt,https://github.com/giorgi731/chatbot-ui/commit/aa66e2be79925473c0923eeef10e4acdf2cb2da5
co-authored-by: chatgpt,https://github.com/SeniorDev222/chatbot-ui/commit/c6b79d2309ded4c8d78dc7bc804078fe6148e498
co-authored-by: chatgpt,https://github.com/GoldenAI-1123/Next-Voice-Chatbot/commit/063001c899dc42559bceb48dd52bf79546da50ae
co-authored-by: chatgpt,https://github.com/niallam22/chat-ui/commit/063001c899dc42559bceb48dd52bf79546da50ae
co-authored-by: chatgpt,https://github.com/svettoch/chat/commit/063001c899dc42559bceb48dd52bf79546da50ae
co-authored-by: chatgpt,https://github.com/RaphaelHeber/dillen-ai-agent/commit/063001c899dc42559bceb48dd52bf79546da50ae
co-authored-by: chatgpt,https://github.com/shubham-chawhan/chatbot-ui/commit/063001c899dc42559bceb48dd52bf79546da50ae
co-authored-by: chatgpt,https://github.com/Sebastian-Ordonez1105/sprockets/commit/5513f86720a81f2aed09589ed0bf2dd7e67d1372
co-authored-by: chatgpt,https://github.com/madara1793/chatbot-ui/commit/7d3239781029b183b0f22aabd383826462b8afbb
co-authored-by: chatgpt,https://github.com/Alex42prk/chat_bot-ui/commit/063001c899dc42559bceb48dd52bf79546da50ae
co-authored-by: chatgpt,https://github.com/dirtymalikjin9k/OpenChatbot-UI/commit/f2cfc9c6f991968a27dc4f5ab039bb561e5d8bb1
co-authored-by: chatgpt,https://github.com/manazitto/chatbotUI/commit/063001c899dc42559bceb48dd52bf79546da50ae
co-authored-by: chatgpt,https://github.com/willyywt/chatbot-ui/commit/063001c899dc42559bceb48dd52bf79546da50ae
co-authored-by: chatgpt,https://github.com/N3wM4t1c/chatbot-ui-dev/commit/063001c899dc42559bceb48dd52bf79546da50ae
co-authored-by: chatgpt,https://github.com/ITU-BDSA23-GROUP18/Chirp/commit/025d8fdb4f3526dca9dfddbbd315fa0ee73283dc
co-authored-by: chatgpt,https://github.com/Only-Smiles/DevOps-2025/commit/78a1bcd0ab1e62da0eaf23a43d905e3580b88b16
co-authored-by: chatgpt,https://github.com/mckaywrigley/chatbot-ui/commit/063001c899dc42559bceb48dd52bf79546da50ae
co-authored-by: chatgpt,https://github.com/youngcommanders/venatrix/commit/063001c899dc42559bceb48dd52bf79546da50ae
co-authored-by: chatgpt,https://github.com/oiov/chatbot/commit/063001c899dc42559bceb48dd52bf79546da50ae
co-authored-by: chatgpt,https://github.com/MOHAMMEDHARS/TNSDCGIT/commit/063001c899dc42559bceb48dd52bf79546da50ae
co-authored-by: chatgpt,https://github.com/frostida04/Chatbot/commit/7da3129aafe253abd2711380ec5fa6ba6650f427
co-authored-by: chatgpt,https://github.com/HVG-Infotech/chatbot-ui/commit/063001c899dc42559bceb48dd52bf79546da50ae
co-authored-by: chatgpt,https://github.com/ITU-BDSA2024-GROUP30/Chirp/commit/c475a82b6d188a031fbea115713294f74931bced
co-authored-by: chatgpt,https://github.com/MagicAI-1123/Voice-Chatbot/commit/772f01b061b96819c282655df765dcf5d3e65ba0
co-authored-by: chatgpt,https://github.com/Thormzy/Chatbot/commit/063001c899dc42559bceb48dd52bf79546da50ae
co-authored-by: chatgpt,https://github.com/ITU-BDSA2024-GROUP4/Chirp/commit/1083d6334ef47e7a50bfce53aa1a1815ea9afdf7
co-authored-by: chatgpt,https://github.com/luighifeodrippe/chatlendario/commit/063001c899dc42559bceb48dd52bf79546da50ae
co-authored-by: chatgpt,https://github.com/akhified-lab-bit/AI-CLONE/commit/063001c899dc42559bceb48dd52bf79546da50ae
co-authored-by: chatgpt,https://github.com/hichambht32/FreightForwarder-Ai-Assistant/commit/063001c899dc42559bceb48dd52bf79546da50ae
co-authored-by: chatgpt,https://github.com/aitek-gph-development/gphchat/commit/063001c899dc42559bceb48dd52bf79546da50ae
co-authored-by: chatgpt,https://github.com/ai-dev-passion/chatbot-ui/commit/1c1417c835d0682e50ddb0c5ac3a77269346ef62
co-authored-by: chatgpt,https://github.com/Divu2611/platform-ui/commit/063001c899dc42559bceb48dd52bf79546da50ae
co-authored-by: chatgpt,https://github.com/ITU-BDSA2024-GROUP26/Chirp/commit/b36416b8f90dc327be00c123467d67e046360a47
co-authored-by: chatgpt,https://github.com/ITU-BDSA2024-GROUP16/Chirp/commit/328656e37f5247ed8d4aadd8f8710eb8724bdf48
co-authored-by: chatgpt,https://github.com/bankus7/chatbot-ui/commit/70ce5913715875e3d2d36ad3886e87cfb5aa493e
co-authored-by: chatgpt,https://github.com/Nounou-13/AshiaOpenAI/commit/063001c899dc42559bceb48dd52bf79546da50ae
co-authored-by: chatgpt,https://github.com/slackadjuster/maya23/commit/063001c899dc42559bceb48dd52bf79546da50ae
co-authored-by: chatgpt,https://github.com/tubby124/Lofty-Ai-Chatbot-Basic/commit/063001c899dc42559bceb48dd52bf79546da50ae
co-authored-by: chatgpt,https://github.com/khalagai/local-chatbotui/commit/063001c899dc42559bceb48dd52bf79546da50ae
co-authored-by: chatgpt,https://github.com/timbertinker/Chatbot/commit/1083054fa5455ba4d6a8c453b691f77a1a46db22
co-authored-by: chatgpt,https://github.com/GoldenDragon0830/chatbot-ui/commit/40c496023445476abe8fb1dfefca78d358ab1929
co-authored-by: chatgpt,https://github.com/QQBridge/ehime-demo/commit/063001c899dc42559bceb48dd52bf79546da50ae
co-authored-by: chatgpt,https://github.com/qishilong/chatbot-ui/commit/063001c899dc42559bceb48dd52bf79546da50ae
co-authored-by: chatgpt,https://github.com/baileyirving/chatbot-ui/commit/063001c899dc42559bceb48dd52bf79546da50ae
co-authored-by: chatgpt,https://github.com/MNJUYDV/RAG-Chat-UI/commit/063001c899dc42559bceb48dd52bf79546da50ae
co-authored-by: chatgpt,https://github.com/Level9000/webchat-ui/commit/063001c899dc42559bceb48dd52bf79546da50ae
co-authored-by: chatgpt,https://github.com/KALEOUUU/jawara_chat/commit/063001c899dc42559bceb48dd52bf79546da50ae
co-authored-by: chatgpt,https://github.com/zbooks10600/chatbot-ui/commit/063001c899dc42559bceb48dd52bf79546da50ae
co-authored-by: chatgpt,https://github.com/N3wM4t1c/NewMatic-Dev/commit/063001c899dc42559bceb48dd52bf79546da50ae
co-authored-by: chatgpt,https://github.com/Teetam-lenz/0-AI-Chat/commit/063001c899dc42559bceb48dd52bf79546da50ae
co-authored-by: chatgpt,https://github.com/sharka88/chatbot-UI/commit/063001c899dc42559bceb48dd52bf79546da50ae
co-authored-by: chatgpt,https://github.com/moemad277/sybot/commit/063001c899dc42559bceb48dd52bf79546da50ae
co-authored-by: chatgpt,https://github.com/Prasanth0107/ChatBot/commit/063001c899dc42559bceb48dd52bf79546da50ae
co-authored-by: chatgpt,https://github.com/ali-adm/chatbot-ui/commit/063001c899dc42559bceb48dd52bf79546da50ae
co-authored-by: chatgpt,https://github.com/slackadjuster/mayagpt/commit/063001c899dc42559bceb48dd52bf79546da50ae
co-authored-by: chatgpt,https://github.com/MuriloCastro0216/ChatBOT/commit/cb7bc207e9ed2d45fb9f4c23a9f3cc0f89c79bb8
co-authored-by: chatgpt,https://github.com/JYM3/JYM3/commit/063001c899dc42559bceb48dd52bf79546da50ae
co-authored-by: chatgpt,https://github.com/CoraCote/chatbot-ui/commit/3ac3f04d0717e2602e3d791a96fa3ca3e10ec847
co-authored-by: chatgpt,https://github.com/tsunemi-y/Chatbot-UI/commit/063001c899dc42559bceb48dd52bf79546da50ae
co-authored-by: chatgpt,https://github.com/walisalman/gotbot/commit/063001c899dc42559bceb48dd52bf79546da50ae
co-authored-by: chatgpt,https://github.com/DevOps-GroupF/itu-minitwit-devops/commit/f3ab2b413e230efc701d43d9d076967e7b2cef89
co-authored-by: chatgpt,https://github.com/emilalvaroaitek24/gphappc/commit/063001c899dc42559bceb48dd52bf79546da50ae
co-authored-by: chatgpt,https://github.com/ITU-BDSA2024-GROUP4/Chirp/commit/2bacfc6badb3026db2cbc42949f4f01bb39fab84
co-authored-by: chatgpt,https://github.com/madara-ark/Brosei1/commit/063001c899dc42559bceb48dd52bf79546da50ae
co-authored-by: chatgpt,https://github.com/DevOps-GroupF/itu-minitwit-devops/commit/b9944a9b016b1f92c49c2d50ed3095dbd49bea87
co-authored-by: chatgpt,https://github.com/web-developer77/chatbot-ui/commit/de9f62545a19f8df248cf8aadb03e71f67e2cf42
co-authored-by: chatgpt,https://github.com/DrZeepeads/NelsonBot/commit/063001c899dc42559bceb48dd52bf79546da50ae
co-authored-by: chatgpt,https://github.com/pauluswi/chatbot-ui-1/commit/063001c899dc42559bceb48dd52bf79546da50ae
co-authored-by: chatgpt,https://github.com/ditissaug2024/chatbot1/commit/063001c899dc42559bceb48dd52bf79546da50ae
co-authored-by: chatgpt,https://github.com/JusstewaSNSJ/chatbot/commit/063001c899dc42559bceb48dd52bf79546da50ae
co-authored-by: chatgpt,https://github.com/nonysticker/chatbot-ui/commit/f3f36853d4910008e29cd182a6cdeb9573d2cc6f
co-authored-by: chatgpt,https://github.com/changxubo/chatbot-ui/commit/063001c899dc42559bceb48dd52bf79546da50ae
co-authored-by: chatgpt,https://github.com/evannaderi/open-chat-online/commit/063001c899dc42559bceb48dd52bf79546da50ae
co-authored-by: chatgpt,https://github.com/sidjain0503/Chat/commit/063001c899dc42559bceb48dd52bf79546da50ae
co-authored-by: chatgpt,https://github.com/Auwanga/enkaliprime_AI/commit/063001c899dc42559bceb48dd52bf79546da50ae
co-authored-by: chatgpt,https://github.com/elite-0000/chatbot-ui/commit/199f2ce4eaf1dd59417089bf3bc291f0ff2f6dd7
co-authored-by: chatgpt,https://github.com/ankittand0n/Interviewer/commit/063001c899dc42559bceb48dd52bf79546da50ae
co-authored-by: chatgpt,https://github.com/ITU-BDSA2024-GROUP22/Chirp/commit/79e72915526807c1929b4da13d75f31e83945504
co-authored-by: chatgpt,https://github.com/hanezuiro/chatbot-ui_copy/commit/063001c899dc42559bceb48dd52bf79546da50ae
co-authored-by: chatgpt,https://github.com/khaher/stock-market-expert/commit/063001c899dc42559bceb48dd52bf79546da50ae
co-authored-by: chatgpt,https://github.com/Azil2001/Chatbot-AI/commit/063001c899dc42559bceb48dd52bf79546da50ae
co-authored-by: chatgpt,https://github.com/gbragante/ChatBotUI-hosted/commit/063001c899dc42559bceb48dd52bf79546da50ae
co-authored-by: chatgpt,https://github.com/cesarleaz/chatgpt-ui/commit/063001c899dc42559bceb48dd52bf79546da50ae
co-authored-by: chatgpt,https://github.com/joaoaugusto293/3D-project---1/commit/cfb40f1e056ea0311f52842ffefbcd47ee17c9fd
co-authored-by: chatgpt,https://github.com/Youjjwal/Ai-1/commit/063001c899dc42559bceb48dd52bf79546da50ae
co-authored-by: chatgpt,https://github.com/ITU-BDSA2024-GROUP16/Chirp/commit/ed5e39a00e677a10bf987d355227b78f899b61d2
co-authored-by: chatgpt,https://github.com/chulgil/llm-chat-ui/commit/063001c899dc42559bceb48dd52bf79546da50ae
co-authored-by: chatgpt,https://github.com/mehedihasan2810/chatbot-ui/commit/063001c899dc42559bceb48dd52bf79546da50ae
co-authored-by: chatgpt,https://github.com/LGCOYOTE/chatbot-ui/commit/063001c899dc42559bceb48dd52bf79546da50ae
co-authored-by: chatgpt,https://github.com/Dipzestbrains/chatbot/commit/063001c899dc42559bceb48dd52bf79546da50ae
co-authored-by: chatgpt,https://github.com/roomy-tadpole2/Chatbot1/commit/063001c899dc42559bceb48dd52bf79546da50ae
co-authored-by: chatgpt,https://github.com/DevOps-GroupF/itu-minitwit-devops/commit/b6c3471f3b889b10c9678b821a90b1083098fbf3
co-authored-by: chatgpt,https://github.com/ITU-BDSA2024-GROUP16/Chirp/commit/780740999284eacdc413fa18e1674f0558a9da52
co-authored-by: chatgpt,https://github.com/ITU-BDSA2024-GROUP16/Chirp/commit/4e7902c61204201764c206e1c0ed304379389bce
co-authored-by: chatgpt,https://github.com/ITU-BDSA2024-GROUP4/Chirp/commit/6acc713be07c5ae81a19946497ec832728826f5d
co-authored-by: chatgpt,https://github.com/ITU-BDSA2024-GROUP2/Chirp/commit/34cd97a0113656b9717d02562cfbb8b4fda7470b
co-authored-by: chatgpt,https://github.com/tx/gen-repl/commit/d410b38361c1a138d02d230708750e86122e75d1
co-authored-by: chatgpt,https://github.com/ITU-BDSA2024-GROUP1/Chirp/commit/d4f729f03dc0140d90a507f1a5e5ffd2cd9d41c5
co-authored-by: chatgpt,https://github.com/minitwit-JOEL/minitwit-DEVOPS/commit/6d5879feac9591adffbd00c14ab92da0df7580ce
co-authored-by: chatgpt,https://github.com/ITU-BDSA2024-GROUP2/Chirp/commit/b0b2002a9e66cc051f1233118a6630d4ff77a595
co-authored-by: chatgpt,https://github.com/ITU-BDSA2024-GROUP4/Chirp/commit/fc8eb553f3ce10c5675e7107b1e9e8219e72f131
co-authored-by: chatgpt,https://github.com/ITU-BDSA23-GROUP9/Chirp/commit/f8464a8204d6d03a08dcd404f90f440585b77380
co-authored-by: chatgpt,https://github.com/ITU-BDSA23-GROUP9/Chirp/commit/816eb8db089a3aa9b4ad7bd2b7d7b697096db607
co-authored-by: chatgpt,https://github.com/ITU-BDSA2024-GROUP16/Chirp/commit/d8a6c53daacb54b73bcd05643486927ab0dd2801
co-authored-by: chatgpt,https://github.com/mathewlewallen/chatbot-ui/commit/063001c899dc42559bceb48dd52bf79546da50ae
co-authored-by: chatgpt,https://github.com/DevOps-2024-group-p/maxitwit/commit/28ce9108ada32882e6c34973131766ef27fd7276
co-authored-by: chatgpt,https://github.com/ford-thomas-w/chatbot/commit/063001c899dc42559bceb48dd52bf79546da50ae
co-authored-by: chatgpt,https://github.com/mranv/chatbot-ui-deepanjali/commit/063001c899dc42559bceb48dd52bf79546da50ae
co-authored-by: chatgpt,https://github.com/Ahmet-Onder-Onlu/nutricare-chatbotui/commit/063001c899dc42559bceb48dd52bf79546da50ae
co-authored-by: chatgpt,https://github.com/AAFredsted/maxitwit_org/commit/28ce9108ada32882e6c34973131766ef27fd7276
co-authored-by: chatgpt,https://github.com/ITU-BDSA23-GROUP18/Chirp/commit/cbdf7ac75e170823a769818db950e9b019e2d13c
co-authored-by: chatgpt,https://github.com/DevOps-Ben11/minitwit/commit/3c52bb3d12ebab6fb55e07e454d29c758887f860
co-authored-by: chatgpt,https://github.com/coremanaged-mscp/MCSP-ChatGPT-UI/commit/063001c899dc42559bceb48dd52bf79546da50ae
co-authored-by: chatgpt,https://github.com/DuwuOps/minitwit/commit/23b7c8430100fcf80ce0f9a625a2bbe2fb380dc1
co-authored-by: chatgpt,https://github.com/ITU-BDSA23-GROUP11/Chirp/commit/aa2e354fe831f4ad683fd50190268b20efdbf2d8
co-authored-by: chatgpt,https://github.com/ITU-BDSA2024-GROUP16/Chirp/commit/7700968adc0dad470051b3ebf75162ed7a8ac7ee
co-authored-by: chatgpt,https://github.com/DuwuOps/minitwit/commit/4a3f8c12b8a69a8516e9d0dd9353b7dc1ba332bf
co-authored-by: chatgpt,https://github.com/ITU-BDSA2024-GROUP4/Chirp/commit/7382b2a918c2569c709f208774711fa8e416fc8a
co-authored-by: chatgpt,https://github.com/ITU-BDSA23-GROUP9/Chirp/commit/4eb57418412c5fda9e7c56a0fee42efc169654c9
co-authored-by: chatgpt,https://github.com/ITU-BDSA2024-GROUP7/Chirp/commit/69b6620a705cbe5d62a1fc104ae373717c0ba4ac
co-authored-by: chatgpt,https://github.com/devops-group-l/chirp/commit/aa2e354fe831f4ad683fd50190268b20efdbf2d8
co-authored-by: chatgpt,https://github.com/RasmusAChr/Chirp/commit/69b6620a705cbe5d62a1fc104ae373717c0ba4ac
co-authored-by: chatgpt,https://github.com/Eagles-DevOps/MiniTwit/commit/cefee61714d02566c17187425a7e272ee78c2c5e
co-authored-by: chatgpt,https://github.com/Eagles-DevOps/MiniTwit/commit/c392562d24fa4a6c6de01d2c97a5edb947a35cc3
co-authored-by: chatgpt,https://github.com/ITU-BDSA23-GROUP11/Chirp/commit/30cdc35c1c7e1c9d181adb5e1c5e48247147ee49
co-authored-by: chatgpt,https://github.com/jnaglick/gpt-toolbox/commit/5fdaa3dc5207efb7dc196a432ab8f293c7d30298
co-authored-by: chatgpt,https://github.com/CodelyTV/php-ddd-example/commit/d5ee40b28d36d12661c52968f433a0f30d2eb612
co-authored-by: chatgpt,https://github.com/ITU-BDSA23-GROUP11/Chirp/commit/8ac8021f38cdc1378406094ecc0eeee54ff78b21
co-authored-by: chatgpt,https://github.com/ITU-BDSA23-GROUP17/Chirp/commit/c949b30b6a4971d4bd86b585c03d33fd27b38b90
co-authored-by: chatgpt,https://github.com/devops-group-l/chirp/commit/30cdc35c1c7e1c9d181adb5e1c5e48247147ee49
co-authored-by: chatgpt,https://github.com/ITU-BDSA2024-GROUP31/Chirp/commit/3ad12611893603b50a5c402413bbf829cc4c8afb
co-authored-by: chatgpt,https://github.com/ITU-BDSA23-GROUP7/Chirp/commit/ea755f659763326c9a7ac3562f7b1fbb088baea6
co-authored-by: chatgpt,https://github.com/ITU-BDSA23-GROUP9/Chirp/commit/0fdf9e862246dde4bb3a8fbff35b528cc6aa13b2
co-authored-by: chatgpt,https://github.com/ITU-BDSA23-GROUP17/Chirp/commit/3922c6a0251c03a2f6f5f9db48a2f7e64a5580ef
co-authored-by: chatgpt,https://github.com/devops-group-l/chirp/commit/8ac8021f38cdc1378406094ecc0eeee54ff78b21
co-authored-by: chatgpt,https://github.com/ITU-BDSA2024-GROUP31/Chirp/commit/4c4d4e5c3fd19e4277d6e289141e20fe507f700d
co-authored-by: chatgpt,https://github.com/ITU-BDSA2024-GROUP4/Chirp/commit/1e6302827c295ab9b1e2339917ee238cf6145d74
co-authored-by: chatgpt,https://github.com/ITU-BDSA2024-GROUP30/Chirp/commit/cb5f6075cbbdc26a3ea054e355074eed1a3125ef
co-authored-by: chatgpt,https://github.com/jafamo/warehouse/commit/d5ee40b28d36d12661c52968f433a0f30d2eb612
co-authored-by: chatgpt,https://github.com/ITU-BDSA2024-GROUP16/Chirp/commit/f7657918e96597323803aee6e99cbcf78c852c58
co-authored-by: chatgpt,https://github.com/ITU-BDSA23-GROUP13/Chirp/commit/f0b819ef7ef701b50bc1bd20142fabab4875f9fe
co-authored-by: chatgpt,https://github.com/vinnytsia-tl/automation/commit/e9a9c6ad79d530bf8c62d215252fa7f758033865
co-authored-by: chatgpt,https://github.com/ITU-BDSA23-GROUP17/Chirp/commit/147a53f8d3ddc36f1c6cc1d438fc616df508739f
co-authored-by: chatgpt,https://github.com/ITU-BDSA23-GROUP1/Chirp/commit/8cbb10f4e11a53842af63e9e12d34b0462fcd89a
co-authored-by: chatgpt,https://github.com/ITU-BDSA23-GROUP27/Chirp/commit/69da92e5e15b26772e1d86b1d72eb02ed115b9d9
co-authored-by: chatgpt,https://github.com/ITU-BDSA23-GROUP27/Chirp/commit/5166f602d6c49fd1e1c5aea5a93c905fb992d26e
co-authored-by: chatgpt,https://github.com/LocktheBow/ProjectChronos1/commit/c0b4d3128688dcade328b7b8fd0a1f475afe8256
co-authored-by: chatgpt,https://github.com/DevOps-GroupF/itu-minitwit-devops/commit/0e2219c96a5eccc07b43fe36e01b49467cf116a0
co-authored-by: chatgpt,https://github.com/ITU-BDSA23-GROUP6/Chirp/commit/dca50ec4a9fba84d225cb4995c87544fe8a1cc8b
co-authored-by: chatgpt,https://github.com/ContainerMaintainers/MiniTwit-Golang/commit/b5deb639e3f4d93485716cd36c51f5a94eacd7f3
co-authored-by: chatgpt,https://github.com/jnaglick/gpt-toolbox/commit/c77d6b9bcc36e5f314089df2415a2672828e513b
co-authored-by: chatgpt,https://github.com/ITU-BDSA23-GROUP27/Chirp/commit/faa0f6f82c2bf75a90a606620b598dac91669265
co-authored-by: chatgpt,https://github.com/ITU-BDSA23-GROUP11/Chirp/commit/6241414f8c370f3e36c5b9a966ebf95c1ff6af8c
co-authored-by: chatgpt,https://github.com/ITU-BDSA23-GROUP11/Chirp/commit/b252a025a1e55463102beb31d0b874f43c60022d
co-authored-by: chatgpt,https://github.com/ITU-BDSA23-GROUP11/Chirp/commit/e52b98ac6d40346ff5df3f4be31d90d39cff1d03
co-authored-by: chatgpt,https://github.com/HULKs/hulk/commit/678469667703b0095f7d3d8523c3be24eec12acf
co-authored-by: chatgpt,https://github.com/ITU-BDSA2024-GROUP18/Chirp/commit/ee7a199a4995b2d1c7557ecdcc359df15565aa51
co-authored-by: chatgpt,https://github.com/ITU-BDSA23-GROUP9/Chirp/commit/9c30da3f61913a01d8875f9d3938d16bc8f87eb6
co-authored-by: chatgpt,https://github.com/ITU-BDSA23-GROUP19/Chirp/commit/3ad5437027d81794b49e886f04d2d1c1034af597
co-authored-by: chatgpt,https://github.com/devops-group-l/chirp/commit/6241414f8c370f3e36c5b9a966ebf95c1ff6af8c
co-authored-by: chatgpt,https://github.com/devops-group-l/chirp/commit/b252a025a1e55463102beb31d0b874f43c60022d
co-authored-by: chatgpt,https://github.com/devops-group-l/chirp/commit/e52b98ac6d40346ff5df3f4be31d90d39cff1d03
co-authored-by: chatgpt,https://github.com/ITU-BDSA2024-GROUP4/Chirp/commit/f7805880706a75106eb93ee348a4d52f7bd82c80
co-authored-by: chatgpt,https://github.com/ITU-BDSA2024-GROUP16/Chirp/commit/0761f1823be22e476a442bef857277e9d48e61b7
co-authored-by: chatgpt,https://github.com/vinnytsia-tl/automation/commit/048a99d3af469eddbef54bf81e365ef93289beed
co-authored-by: chatgpt,https://github.com/frenchtaco/TwitterClone/commit/dca50ec4a9fba84d225cb4995c87544fe8a1cc8b
co-authored-by: chatgpt,https://github.com/richardTowers/boat-physics-sim/commit/ea57808da39605265c3cd74f61e95403a41075b4
co-authored-by: chatgpt,https://github.com/ITU-BDSA23-GROUP11/Chirp/commit/c28152cc0d5a7efa609503e92ab5ac5ac6a954ce
co-authored-by: chatgpt,https://github.com/ITU-BDSA2024-GROUP30/Chirp/commit/1914a6522456c836fb24957dc7f24682421d6193
co-authored-by: chatgpt,https://github.com/ITU-BDSA23-GROUP11/Chirp/commit/d0118784bc601ae651500ca17919d77ac4a37f2a
co-authored-by: chatgpt,https://github.com/ITU-BDSA23-GROUP27/Chirp/commit/ab2b6b38c5a64d2a30582eb1443f21d25f1777f1
co-authored-by: chatgpt,https://github.com/ITU-BDSA23-GROUP11/Chirp/commit/b66e1733a9f404f97466439ee83867b41d5479ab
co-authored-by: chatgpt,https://github.com/ITU-BDSA23-GROUP11/Chirp/commit/ae058402ff91949efbdf45081268663793fe3c9f
co-authored-by: chatgpt,https://github.com/ITU-BDSA23-GROUP11/Chirp/commit/be1347dfea2c33cd26b6e0c0f5f67c963d8cbc77
co-authored-by: chatgpt,https://github.com/ITU-BDSA23-GROUP11/Chirp/commit/29c53b69609772336eb65025da097d00c5ac8eb3
co-authored-by: chatgpt,https://github.com/ITU-BDSA23-GROUP11/Chirp/commit/d49d87e78649fd7a6faf80a9e5efb74de604d68b
co-authored-by: chatgpt,https://github.com/tx/gen-repl/commit/d20240e1c96c6655a325566020096f035ff5e4f8
co-authored-by: chatgpt,https://github.com/devops-group-l/chirp/commit/c28152cc0d5a7efa609503e92ab5ac5ac6a954ce
co-authored-by: chatgpt,https://github.com/teleprint-me/byte-pair/commit/21f4171c144195779ea3463030e9472abc37e8fc
co-authored-by: chatgpt,https://github.com/devops-group-l/chirp/commit/d0118784bc601ae651500ca17919d77ac4a37f2a
co-authored-by: chatgpt,https://github.com/ITU-BDSA23-GROUP27/Chirp/commit/9f807aa38ed1bab0eea80c4ab9689134297e3199
co-authored-by: chatgpt,https://github.com/andy19910102/Spinning-Donut-in-Terminal-by-ChatGTP-4/commit/58e7dcdc7bf260124c791b4100f655be99fd5a0b
co-authored-by: chatgpt,https://github.com/devops-group-l/chirp/commit/b66e1733a9f404f97466439ee83867b41d5479ab
co-authored-by: chatgpt,https://github.com/devops-group-l/chirp/commit/ae058402ff91949efbdf45081268663793fe3c9f
co-authored-by: chatgpt,https://github.com/devops-group-l/chirp/commit/be1347dfea2c33cd26b6e0c0f5f67c963d8cbc77
co-authored-by: chatgpt,https://github.com/devops-group-l/chirp/commit/29c53b69609772336eb65025da097d00c5ac8eb3
co-authored-by: chatgpt,https://github.com/devops-group-l/chirp/commit/d49d87e78649fd7a6faf80a9e5efb74de604d68b
co-authored-by: chatgpt,https://github.com/ITU-BDSA23-GROUP11/Chirp/commit/497f10c0e41c08c2be510e83a35aaeb40b61396f
co-authored-by: chatgpt,https://github.com/ITU-BDSA23-GROUP7/Chirp/commit/1f16168d2c888154c9b49fb50ba364f42a5bd9cd
co-authored-by: chatgpt,https://github.com/ITU-BDSA2024-GROUP16/Chirp/commit/1f35d1420d3534e8174b6ef923e5cd57e0f19f1f
co-authored-by: chatgpt,https://github.com/devops-group-l/chirp/commit/497f10c0e41c08c2be510e83a35aaeb40b61396f
co-authored-by: chatgpt,https://github.com/ITU-BDSA23-GROUP6/Chirp/commit/fdd9e9875bed55c17d5cfef59e9b473f6a291bd4
co-authored-by: chatgpt,https://github.com/InfuseAI/piperider/commit/cb2f2b7d5f442459ee23293c7447bb2974fdc0d2
co-authored-by: chatgpt,https://github.com/ITU-BDSA2024-GROUP4/Chirp/commit/701e49e2746c16e5a57fd79dc8a393c3ed766b63
co-authored-by: chatgpt,https://github.com/vinnytsia-tl/automation/commit/212035196b844906fb5e8c384863adcd40af1c0e
co-authored-by: chatgpt,https://github.com/michael-borck/hands-on-ai/commit/b9aa320028e42c748712590a7f71d46292d4a428
co-authored-by: chatgpt,https://github.com/moshimeow/mercury_steamvr_driver/commit/0eeccd9a5a1abe5b74c5140dc4fa982163116e39
co-authored-by: chatgpt,https://github.com/ITU-BDSA23-GROUP27/Chirp/commit/b6e237239b10c62b29ef3ab45d23d76c03187df2
